[
    {
       "model":"sites.site",
       "pk":1,
       "fields":{
          "domain":"all_for_man.com",
          "name":"All for man"
       }
    },
    {
       "model":"account.emailaddress",
       "pk":1,
       "fields":{
          "user":1,
          "email":"farahhisham1979@gmail.com",
          "verified":true,
          "primary":true
       }
    },
    {
       "model":"products.category",
       "pk":1,
       "fields":{
          "name":"hair_styling",
          "friendly_name":"Hair Styling",
          "discription":"Use a good hair wax to shape and style your hair as you want. There are different types of hair wax depending on how much setting power you want and what finish you want your hair to have. There are wax that gives matte, natural or glossy finish. For best results apply the wax warmed between your palms and directly onto towel-dried or dry hair"
       }
    },
    {
       "model":"products.category",
       "pk":2,
       "fields":{
          "name":"shampoo",
          "friendly_name":"Shampoo",
          "discription":"Wash your hair with schampoo before you use a conditioner if you have thin hair. If you have tick hair, normally it is better to use a conditioner before you use schampoo. The hair become more easy to comb afterwards. It might be good to change shampoos regularly to avoid build ups from the products."
       }
    },
    {
       "model":"products.category",
       "pk":3,
       "fields":{
          "name":"conditioner",
          "friendly_name":"Conditioner",
          "discription":"People with thick hair can benefit from using a conditioner before they use schampoo. The hair become more easy to comb. On the other hand if you have thin hair, use a conditioner after you have uses shampoo - to get good volume."
       }
    },
    {
       "model":"products.category",
       "pk":4,
       "fields":{
          "name":"body_lotion",
          "friendly_name":"Body Lotion",
          "discription":"Combined products are practical and saves space in both your bag and your bathroom. With a Hair & Body Wash, you get a good shampoo to wash your hair clean, but you can also use it to clean your entire body. You do not need to bother with multiple bottles or tubes. Many Hair & Body Shampoos are 2-in-1 products but there are also 3-in-1, where you also get the moisturizing properties from a conditioner."
       }
    },
    {
       "model":"products.category",
       "pk":5,
       "fields":{
          "name":"shower_gel",
          "friendly_name":"Shower Gel",
          "discription":"Treat yourself to a delightful and luxurious feeling when you shower and clean your body. Here we have gathered all the shower gels and liquid shower soaps that cleans effectively but also leaves a good scent behind. Do you want to keep the number of products to a minimum, invest in a combined Hair & Body Wash that works as a hair shampoo as well as a body soap.\r\n\r\nA good idea is to combine deodorant, perfume and shower gel with similar fragrances. That will create a more uniform smell and you can fine tune with a matching perfume on top."
       }
    },
    {
       "model":"products.category",
       "pk":7,
       "fields":{
          "name":"moustache_care",
          "friendly_name":"Moustache Care",
          "discription":"Moustache care contains basicly three steps. Keep the moustache clean, trim and prepp the moustache. With the right tools it becomes more easy and enjoyable."
       }
    },
    {
       "model":"products.category",
       "pk":8,
       "fields":{
          "name":"beard_care",
          "friendly_name":"Beard Care",
          "discription":"Beard care means keeping your beard clean, trimming and prepping the beard. With the right tools and products the beard care becomes more easy and fun. We are an online store that sells premium products for cutting, washing and brushing beards. All you need for growing, and styling a really nice beard."
       }
    },
    {
       "model":"products.category",
       "pk":9,
       "fields":{
          "name":"webshop_news",
          "friendly_name":"Webshop News",
          "discription":null
       }
    },
    {
       "model":"products.category",
       "pk":10,
       "fields":{
          "name":"body_soap",
          "friendly_name":"Body Soap",
          "discription":"A good body soap cleans effectively without dehydrating the skin. There are many nice solid body soaps available that you can use in the shower or bath tub when washing your body. Most of the sweat and dirt are dissolved with warm water and soap. Buy a body soap of good quality that you can rely on, that does the job effectively with only a small amount of soap."
       }
    },
    {
       "model":"products.category",
       "pk":11,
       "fields":{
          "name":"all_products",
          "friendly_name":"ALL PRODUCTS",
          "discription":null
       }
    },
    {
       "model":"products.product",
       "pk":27,
       "fields":{
          "category":5,
          "sku":"105",
          "name":"BENJAMIN BARBER Body Wash Oud",
          "description":"This new body wash from Benjamin Barber is quickly becoming one of our best sellers!\r\n\r\nWith this product, it's easy to work up the perfect lather, and the exotic scent of Oud will linger on your skin all day! The shower gel enriches your skin and makes it feel soft and moisturized after use.",
          "price":"19.00",
          "volym":"250 ML",
          "rating":"5.00",
          "image_url":null,
          "image":"BENJAMIN_BARBERboddywashoud.jpeg"
       }
    },
    {
       "model":"products.product",
       "pk":28,
       "fields":{
          "category":5,
          "sku":"106",
          "name":"BENJAMIN BARBER Black Oak Body Wash",
          "description":"A body wash from Benjamin Barber, with the popular fragrance Black Oak. Easy to work up the perfect lather!",
          "price":"18.00",
          "volym":"250 ML",
          "rating":"5.00",
          "image_url":null,
          "image":"74614_3.jpeg"
       }
    },
    {
       "model":"products.product",
       "pk":29,
       "fields":{
          "category":4,
          "sku":"107",
          "name":"BENJAMIN BARBER Body Lotion Black Oak",
          "description":"A rich and creamy body lotion from Benjamin Barber, that seems smoothing and moisturizing on all types of skin, even very dry skin. Lightly fragranced with the masculine scent Black Oak.",
          "price":"18.00",
          "volym":"250 ML",
          "rating":"4.00",
          "image_url":null,
          "image":"lo.jpeg"
       }
    },
    {
       "model":"products.product",
       "pk":30,
       "fields":{
          "category":4,
          "sku":"108",
          "name":"BENJAMIN BARBER Body Lotion Oud",
          "description":"This new body lotion from Benjamin Barber is quickly becoming one of our best sellers!\r\n\r\nA rich and creamy lotion, with the wonderful and exotic scent of oud. It will both moizturise and nourish your skin, and it's fully absorbed within a minute or two. \r\n\r\nYou will guaranteed feel silky-smooth all day!",
          "price":"18.00",
          "volym":"250 ML",
          "rating":"3.00",
          "image_url":null,
          "image":"BENJAMIN_BARBERboddywashoud_hajXNab.jpeg"
       }
    },
    {
       "model":"products.product",
       "pk":31,
       "fields":{
          "category":10,
          "sku":"109",
          "name":"DR K SOAP COMPANY Dr K Irish Coffee Soap",
          "description":"Dr K’s Irish Coffee Soap is an unscented soap enriched with strong coffe and real Irish whiskey.\r\n\r\nSpecifications:\r\n\r\n225 gram.",
          "price":"9.00",
          "volym":"225 Gram",
          "rating":"3.00",
          "image_url":null,
          "image":"75250_3.jpeg"
       }
    },
    {
       "model":"products.product",
       "pk":32,
       "fields":{
          "category":10,
          "sku":"110",
          "name":"DR K SOAP COMPANY Dr K Cool Mint Body Soap",
          "description":"Feel cool and fresh with Dr K’s Cool Mint Soap. Enriched with Spearmint and Rosemary Essential Oils.\r\n\r\nSpecifications: \r\n\r\n225 gram.",
          "price":"9.00",
          "volym":"225 Gram.",
          "rating":"3.00",
          "image_url":null,
          "image":"75216_3.jpeg"
       }
    },
    {
       "model":"products.product",
       "pk":33,
       "fields":{
          "category":10,
          "sku":"111",
          "name":"DR K SOAP COMPANY Dr K Fresh Lime Body Soap",
          "description":"Experience the refreshing body soap Fresh Lime Soap from Dr K. Scented with Lime and Lemongrass Essential Oils.\r\n\r\nSpecifications: \r\n\r\n225 gram.",
          "price":"9.00",
          "volym":"225 Gram",
          "rating":"3.00",
          "image_url":null,
          "image":"75202_3.jpeg"
       }
    },
    {
       "model":"products.product",
       "pk":34,
       "fields":{
          "category":9,
          "sku":"112",
          "name":"DR K SOAP COMPANY Dr K Fresh Woodland Body Soap",
          "description":"Experience Dr K’s Woodland Soap enriched with Cedarwood, Pine Needle and Sweet Orange Essential Oils.\r\n\r\nSpecifications:\r\n\r\n225 gram",
          "price":"9.00",
          "volym":"225 Gram.",
          "rating":"4.00",
          "image_url":null,
          "image":"75198_3.jpeg"
       }
    },
    {
       "model":"products.product",
       "pk":36,
       "fields":{
          "category":5,
          "sku":"200",
          "name":"Invigorating Bath & Shower Scrub",
          "description":"TRUEFITT & HILL\r\nInvigorating Bath & Shower Scrub\r\nContains exfoliating jojoba pearls with natural vitamin E to heal the skin. This scrub is moisturizing and non-drying. Invigorating Bath & Shower Scrub also contains a chelating agent - which means that minerals from hard water can not settle on the skin. Rosemary / Mint scent. Slightly cooling.\r\n\r\nVolume: 365 ml",
          "price":"30.00",
          "volym":"365 ML",
          "rating":"4.00",
          "image_url":null,
          "image":"TRUEFITT__HILL.jpg"
       }
    },
    {
       "model":"products.product",
       "pk":37,
       "fields":{
          "category":5,
          "sku":"201",
          "name":"TRUEFITT & HILL Sandalwood Bath & Shower Gel",
          "description":"TRUEFITT & HILL\r\nSandalwood Bath & Shower Gel\r\nTruefitt & Hill Sandelwood Bath & Shower Gel is a wonderfully foaming and deep cleansing shower and bath gel from Truefitt & Hill, with a classic fresh and clean scent of sandalwood.\r\n\r\nVolume: 200 ml",
          "price":"30.00",
          "volym":"200 ML",
          "rating":"5.00",
          "image_url":null,
          "image":"Sandalwood_Bath__Shower_Gel.jpg"
       }
    },
    {
       "model":"products.product",
       "pk":38,
       "fields":{
          "category":5,
          "sku":"202",
          "name":"TRUEFITT & HILL Grafton Bath & Shower Gel",
          "description":"A spicy and fresh shower and bath gel from English Truefitt & Hill. Deep cleansing and relaxing with Truefitt & Hill's own Grafton fragrance.\r\n\r\nVolume: 200",
          "price":"30.00",
          "volym":"200 ML",
          "rating":"5.00",
          "image_url":null,
          "image":"Grafton_Bath__Shower_Gel.jpg"
       }
    },
    {
       "model":"products.product",
       "pk":39,
       "fields":{
          "category":5,
          "sku":"203",
          "name":"TRUEFITT & HILL Trafalgar Bath & Shower Gel",
          "description":"TRUEFITT & HILL\r\nTrafalgar Bath & Shower Gel\r\nLuxurious-smelling bath & shower gel from Truefitt & Hill, scented with the spicy yet fresh wood fragrance Trafalgar.\r\n\r\nSize: 200 ml",
          "price":"30.00",
          "volym":"200 ML",
          "rating":"3.00",
          "image_url":null,
          "image":"Trafalgar_Bath__Shower_Gel.jpg"
       }
    },
    {
       "model":"products.product",
       "pk":40,
       "fields":{
          "category":5,
          "sku":"204",
          "name":"TRUEFITT & HILL West Indian Limes Bath & Shower Gel",
          "description":"TRUEFITT & HILL\r\nWest Indian Limes Bath & Shower Gel\r\n\r\nTruefitt & Hill West Indian Limes Bath & Shower Gel is a lathering and deepcleansing bath- and shower gel, with a classic fresh and clean scent of lime and citrus.\r\n\r\nVolume: 200 ml",
          "price":"25.00",
          "volym":"200 ML",
          "rating":"5.00",
          "image_url":null,
          "image":"West_Indian_Limes_Bath__Shower_Gel.jpg"
       }
    },
    {
       "model":"products.product",
       "pk":41,
       "fields":{
          "category":5,
          "sku":"205",
          "name":"TRUEFITT & HILL 1805 Bath & Shower Gel",
          "description":"TRUEFITT & HILL\r\n1805 Bath & Shower Gel\r\n\r\nA fantastic shower and bath gel with Truefitt & Hills signature fragrance 1805. Wonderfully foaming and deep cleansing.\r\n\r\nVolume: 200 ml (6.7 oz)",
          "price":"300.00",
          "volym":"200 ML",
          "rating":"3.00",
          "image_url":null,
          "image":"1805_Bath__Shower_Gel.jpg"
       }
    },
    {
       "model":"products.product",
       "pk":42,
       "fields":{
          "category":10,
          "sku":"206",
          "name":"TRUEFITT & HILL 1805 Triple Soap",
          "description":"TRUEFITT & HILL\r\n1805 Triple Soap\r\n\r\nThree classic soaps from Truefitt & Hill signature line 1805. Easily works up a creamy lather, leaving your hands feeling soft, smooth and clean. The soaps will leave a pleasant scent on your hands. \r\n\r\nSize: 3 soaps à 150 g",
          "price":"19.00",
          "volym":"150 G",
          "rating":null,
          "image_url":null,
          "image":"1805_Triple_Soap.jpg"
       }
    },
    {
       "model":"products.product",
       "pk":43,
       "fields":{
          "category":10,
          "sku":"207",
          "name":"TRUEFITT & HILL Grafton Triple Soap",
          "description":"TRUEFITT & HILL\r\nGrafton Triple Soap\r\n\r\nThree luxurious-smelling hand soaps from Truefitt & Hill, scented with the classic masculine fragrance Grafton. The soap lather easily and leaves your hands feeling soft and smooth.\r\n\r\nSize: 3 x 150 g",
          "price":"10.00",
          "volym":"150 G",
          "rating":null,
          "image_url":null,
          "image":"Grafton_Triple_Soap.jpg"
       }
    },
    {
       "model":"products.product",
       "pk":44,
       "fields":{
          "category":10,
          "sku":"208",
          "name":"TRUEFITT & HILL Trafalgar Triple Soap",
          "description":"TRUEFITT & HILL\r\nTrafalgar Triple Soap\r\n\r\nThree luxurious-smelling hand soaps from Truefitt & Hill, scented with the spicy yet fresh wood fragrance Trafalgar. The soap lather easily and leaves your hands feeling soft and smooth.\r\n\r\nSize: 3 x 150 g",
          "price":"10.00",
          "volym":"150 G",
          "rating":"5.00",
          "image_url":null,
          "image":"Trafalgar_Triple_Soap.jpg"
       }
    },
    {
       "model":"products.product",
       "pk":45,
       "fields":{
          "category":10,
          "sku":"209",
          "name":"TRUEFITT & HILL West Indian Limes Triple Soap",
          "description":"TRUEFITT & HILL\r\nWest Indian Limes Triple Soap\r\n\r\nThree classic hand soaps from Truefitt & Hill from their West Indian Limes-line. Easily works up a creamy lather, leaving your hands feeling soft, smooth and clean. The soap will leave a pleasant scent on your hands. \r\n\r\nSize: 3 soaps à 150 g",
          "price":"10.00",
          "volym":"150 G",
          "rating":"5.00",
          "image_url":null,
          "image":"West_Indian_Limes_Triple_Soap.jpg"
       }
    },
    {
       "model":"products.product",
       "pk":46,
       "fields":{
          "category":10,
          "sku":"211",
          "name":"TRUEFITT & HILL Sandalwood Triple Soap",
          "description":"TRUEFITT & HILL\r\nSandalwood Triple Soap\r\n\r\nThree classic hand soaps from Truefitt & Hill and their Sandalwood series. Easy to work up really creamy lather that makes your hands feel soft, smooth and clean. The soaps will leave your hands with a pleasant scent. \r\n\r\nSize: 3 soaps of 150 g",
          "price":"10.00",
          "volym":"150 G",
          "rating":"5.00",
          "image_url":null,
          "image":"Sandalwood_Triple_Soap.jpg"
       }
    },
    {
       "model":"products.product",
       "pk":47,
       "fields":{
          "category":10,
          "sku":"212",
          "name":"TRUEFITT & HILL Apsley Bath Soap",
          "description":"TRUEFITT & HILL\r\nApsley Bath Soap\r\n\r\nTruefitt & Hills Apsley Bath Soap is a luxurious, vegetable soap. It has a unique blend enriched with moisturizing properties of shea butter that leaves your skin both soft and smooth. \r\n\r\nApsley's delicious scent contains a mixture of autumn forest scents and fresh citrus.\r\n\r\nVolume: 200 g",
          "price":"12.00",
          "volym":"200 G",
          "rating":"5.00",
          "image_url":null,
          "image":"Apsley_Bath_Soap.jpg"
       }
    },
    {
       "model":"products.product",
       "pk":48,
       "fields":{
          "category":4,
          "sku":"177",
          "name":"BENJAMIN BARBER Gift Set Oud Body Duo",
          "description":"BENJAMIN BARBER\r\nGift Set Oud Body Duo\r\n\r\nBody Kit contains Body Wash and Body Lotion. With the rich, masculine scent of oud.\r\n\r\nThe kit also comes in the wonderul scent of Black Oak\r\n\r\nContent:\r\n\r\n250 ml Body Wash\r\n250 ml Bodylotion",
          "price":"20.00",
          "volym":"250 ML",
          "rating":"5.00",
          "image_url":null,
          "image":"Gift_Set_Oud_Body_Duo.jpeg"
       }
    },
    {
       "model":"products.product",
       "pk":49,
       "fields":{
          "category":4,
          "sku":"188",
          "name":"BENJAMIN BARBER Gift Set Black Oak Body Duo",
          "description":"BENJAMIN BARBER\r\nGift Set Black Oak Body Duo\r\n\r\nBenjamin Barber Black Oak Body Kit contains Body Wash and Body Lotion, with the rich and masculine scent of Black Oak.\r\n\r\nPlease note that the formula of this product has changed.\r\n\r\nThe kit also comes in Oud scent.\r\n\r\nContent:\r\n\r\n\r\n250 ml Body Wash\r\n250 ml Body Lotion",
          "price":"20.00",
          "volym":"250 ML",
          "rating":"5.00",
          "image_url":null,
          "image":"Gift_Set_Black_Oak_Body_Duo.jpeg"
       }
    },
    {
       "model":"products.product",
       "pk":50,
       "fields":{
          "category":8,
          "sku":"125",
          "name":"BENJAMIN BARBER Beard Oil 50 ml - Saffron & Leather",
          "description":"BENJAMIN BARBER\r\nBeard Oil 50 ml - Saffron & Leather\r\n\r\nThis beard oil from Benjamin Barber makes your facial hair soft and easy to work with. It softens dry beards and provides a healthy glow, and leaves a warm and wonderful scent of Saffron & Leather. It's made in Sweden of the highest quality oils. Comes in a practical pump bottle.\r\n\r\nVolume: 50 ml",
          "price":"25.00",
          "volym":"50 ML",
          "rating":"5.00",
          "image_url":null,
          "image":"66522_4.jpg"
       }
    },
    {
       "model":"products.product",
       "pk":51,
       "fields":{
          "category":8,
          "sku":"126",
          "name":"BENJAMIN BARBER Beard Oil 50 ml - Oud",
          "description":"BENJAMIN BARBER\r\nBeard Oil 50 ml - Oud\r\n\r\nThis beard oil from Benjamin Barber makes your facial hair soft and easy to work with. It softens dry beards and provides a healthy glow, and leaves a warm and wonderful scent of Oud. It's made in Sweden of the highest quality oils. Comes in a practical pump bottle.\r\n\r\nVolume: 50 ml",
          "price":"20.00",
          "volym":"50 ML",
          "rating":"5.00",
          "image_url":null,
          "image":"66530_4.jpg"
       }
    },
    {
       "model":"products.product",
       "pk":52,
       "fields":{
          "category":8,
          "sku":"127",
          "name":"BENJAMIN BARBER Beard Oil 50 ml - Black Oak",
          "description":"BENJAMIN BARBER\r\nBeard Oil 50 ml - Black Oak\r\n\r\nA premium beard oil from Benjamin Barber scented with natural fragrances.\r\n\r\nCome in a practical pump bottle, in the scent of Black Oak - a sensual blend of tobacco, oak and leather mixed with dark, velvety notes of sandalwood and cedar.\r\n\r\nVolume: 50 ml",
          "price":"25.00",
          "volym":"50 ML",
          "rating":"5.00",
          "image_url":null,
          "image":"63786_4.jpg"
       }
    },
    {
       "model":"products.product",
       "pk":53,
       "fields":{
          "category":8,
          "sku":"128",
          "name":"BENJAMIN BARBER Beard Oil 50 ml - Natural",
          "description":"BENJAMIN BARBER\r\nBeard Oil 50 ml - Natural\r\n\r\nA premium beard oil from Benjamin Barber. Come in a practical pump bottle and is unscented.\r\n\r\nVolume: 50 ml",
          "price":"25.00",
          "volym":"50 ML",
          "rating":"5.00",
          "image_url":null,
          "image":"55958_4.jpg"
       }
    },
    {
       "model":"products.product",
       "pk":54,
       "fields":{
          "category":9,
          "sku":"129",
          "name":"PRORASO Beard Oil 30 ml",
          "description":"PRORASO\r\nBeard Oil 30 ml\r\n\r\nGive the beard a more groomed look with his beard oil from Proraso. It protects and provides moisture to both beard and dry skin. It gives luster and the beard become softer and easier to comb at the same time as it gives a fresh scent of citrus and cedar wood.\r\n\r\nDermatologist tested.\r\n\r\nVolume: 30 ml",
          "price":"15.00",
          "volym":"30 ML",
          "rating":"5.00",
          "image_url":null,
          "image":"Praraso.jpg"
       }
    },
    {
       "model":"products.product",
       "pk":55,
       "fields":{
          "category":8,
          "sku":"130",
          "name":"PRORASO Beard Oil Refreshing 30 ml",
          "description":"PRORASO\r\nBeard Oil Refreshing 30 ml\r\nThis beard oil has been developed especially for long, thick beards. The beard becomes soft and easy to sort out. The oil is enriched with bergamot, eucalyptus and rosemary and has a refreshing effect. \r\n\r\nUse: Rub a few drops of oil, depending on how long and thick your beard is, between your palms and apply in damp beard.\r\n\r\nNo silicones\r\nFree of Parabens\r\nDermatologically tested\r\n\r\nVolume: 30 ml",
          "price":"15.00",
          "volym":"30 ML",
          "rating":"5.00",
          "image_url":null,
          "image":"72810_3_71t7Qs2.jpeg"
       }
    },
    {
       "model":"products.product",
       "pk":56,
       "fields":{
          "category":8,
          "sku":"131",
          "name":"PRORASO Beard Oil Cypress & Vetyver 30 ml",
          "description":"PRORASO\r\nBeard Oil Cypress & Vetyver 30 ml\r\n\r\nThis popular beard oil from Proraso softens and keeps the beard fresh and free of tangles. Pour a few drops in your hands and distribute evenly in the beard. Has a woody, masculine scent of cypress and fresh vetiver. Works as well on stubble to full-grown beard.\r\n\r\nNo silicones\r\nFree of Parabens\r\nDermatologically tested\r\n\r\nVolume: 30 ml",
          "price":"15.00",
          "volym":"30 ML",
          "rating":"5.00",
          "image_url":null,
          "image":"43454_3_qRs1s1Y.jpg"
       }
    },
    {
       "model":"products.product",
       "pk":57,
       "fields":{
          "category":8,
          "sku":"133",
          "name":"PRORASO Beard Oil Azur & Lime 30 ml",
          "description":"PRORASO\r\nBeard Oil Azur & Lime 30 ml\r\n\r\nThis populära beard oil from Proraso works as well on stubble to full-grown beard. The oil softens and keeps the beard fresh and free of tangles.\r\n\r\nPour a few drops in your hands and distribute evenly in the beard. A fresh scent of sweet citrus and discrete mint gives a comfortable feeling to both the beard and skin.\r\n\r\nNo silicones\r\nFree of Parabens\r\nDermatologically tested\r\n\r\nVolume: 30 ml",
          "price":"15.00",
          "volym":"30 ML",
          "rating":"5.00",
          "image_url":null,
          "image":"Beard_Oil_Azur__Lime_30_ml_udA5giD.jpg"
       }
    },
    {
       "model":"products.product",
       "pk":58,
       "fields":{
          "category":8,
          "sku":"134",
          "name":"TRUEFITT & HILL Natural Conditioning Beard Oil 60 ml",
          "description":"TRUEFITT & HILL\r\nNatural Conditioning Beard Oil 60 ml\r\n\r\nA beard oil containing a mix of natural oils. coconut, avocado, jojoba and arganoil nourishes and mouisterizes and gives a soft, a neatly beard. Absorbes fast and dosen't clog the pores or the hair follicles.\r\n\r\nWith a fresh scent of green tea and cucumber.\r\n\r\nHow to use: The beard oil is massaged into cleansed beard for moisturizing both beard and skin\r\n\r\nVolume: 60 ml",
          "price":"29.00",
          "volym":"60 ML",
          "rating":"5.00",
          "image_url":null,
          "image":"Natural_Conditioning_Beard_Oil_60_ml.jpg"
       }
    },
    {
       "model":"products.product",
       "pk":60,
       "fields":{
          "category":9,
          "sku":"136",
          "name":"DR K SOAP COMPANY Beard Tonic Original 100 ml",
          "description":"DR K SOAP COMPANY\r\nBeard Tonic Original 100 ml\r\n\r\nThis beard tonic comes from the southern parts of Ireland, it truly is a genuine handcraft made by ingredients with only natural origins. It is nourishing and contains both jojoba oil and apricot kernel oil, along with vitamin E.\r\n\r\nLeaves a wonderful scent of rosemary, peppermint and lavender.\r\n\r\nVolume: 100 ml",
          "price":"15.00",
          "volym":"100  ML",
          "rating":"5.00",
          "image_url":null,
          "image":"DR_K_SOAP_COMPANY.jpg"
       }
    },
    {
       "model":"products.product",
       "pk":61,
       "fields":{
          "category":8,
          "sku":"137",
          "name":"DR K SOAP COMPANY Beard Tonic Fresh Lime 100 ml",
          "description":"DR K SOAP COMPANY\r\nBeard Tonic Fresh Lime 100 ml\r\n\r\nThis beard tonic comes from the southern parts of Ireland, it truly is a genuine handcraft made by ingredients with only natural origins. It is nourishing and contains both jojoba oil and apricot kernel oil, along with vitamin E.\r\n\r\nWith a lovely, fresh scent of lime.\r\n\r\nVolume: 100 ml",
          "price":"19.00",
          "volym":"100 ML",
          "rating":"5.00",
          "image_url":null,
          "image":"Beard_Tonic_Fresh_Lime_100_ml.jpg"
       }
    },
    {
       "model":"products.product",
       "pk":62,
       "fields":{
          "category":8,
          "sku":"139",
          "name":"DR K SOAP COMPANY Dr K Zero Beard Tonic",
          "description":"DR K SOAP COMPANY\r\nDr K Zero Beard Tonic\r\n\r\nPerfume-free beard oil from Dr K Soap Company with natural ingredients. The beard oil contains apricot kernel oil for beard conditioning while Jojoba oil and vitamin E soothes and revives the beard and skin underneath.\r\n\r\nFor best results, apply a small amount 1-2 times daily, massaging throughout the beard and into the skin beneath.\r\n\r\nSPECIFICATIONS: 50 ml",
          "price":"15.00",
          "volym":"50 ML",
          "rating":"3.00",
          "image_url":null,
          "image":"Dr_K_Zero_Beard_Tonic.jpeg"
       }
    },
    {
       "model":"products.product",
       "pk":63,
       "fields":{
          "category":8,
          "sku":"139",
          "name":"DR K SOAP COMPANY Dr K Bay Spice Beard Tonic 30 ml",
          "description":"DR K SOAP COMPANY\r\nDr K Bay Spice Beard Tonic 30 ml\r\n\r\nA beard oil from Dr K, full of vitamins and nutrients that contribute to a well-being and healthy beard. Apricot oil, Jojoba oil and vitamin E help to moisturize the skin underneath and counteract irritation. \r\n\r\nWith a refreshing fresh scent of essential oils such as bergamot, lime and cinnamon.\r\n\r\nSPECIFICATIONS:\r\n\r\n30 ml",
          "price":"19.00",
          "volym":"30 ML",
          "rating":"5.00",
          "image_url":null,
          "image":"Dr_K_Bay_Spice_Beard_Tonic_30_ml.jpeg"
       }
    },
    {
       "model":"products.product",
       "pk":64,
       "fields":{
          "category":8,
          "sku":"140",
          "name":"SAILOR'S Beard Oil - Jungle",
          "description":"SAILOR'S\r\nBeard Oil - Jungle\r\n\r\nDark Muscovado, Sandalwood and Vetiver adds a warm, sweet and exotic scent to your beard. Pour a small amount into your hands, rub them toghether and apply to your beard.\r\nPreferably applied with a brush.\r\n\r\n100 % Organic\r\nFree from Parabens and other Preservatives\r\nMade in Sweden\r\nHighest Quality Oils\r\nCold pressed and Unrefined\r\nSize: 30 ml",
          "price":"16.00",
          "volym":"30 ML",
          "rating":"5.00",
          "image_url":null,
          "image":"78334_3.jpeg"
       }
    },
    {
       "model":"products.product",
       "pk":65,
       "fields":{
          "category":9,
          "sku":"141",
          "name":"SAILOR'S Beard Oil - Antarctica",
          "description":"SAILOR'S\r\nBeard Oil - Antarctica\r\n\r\nMint, mild Citrus and cooling Eucalyptus will add a fresh twist to your beard. Pour a small amount into your hands, rub them toghether and apply to your beard. Preferably applied with a brush.\r\n\r\n100 % Organic\r\nFree from Parabens and other Preservatives\r\nMade in Sweden\r\nHighest Quality Oils\r\nCold pressed and Unrefined\r\nSize: 30 ml",
          "price":"14.00",
          "volym":"30 ML",
          "rating":"5.00",
          "image_url":null,
          "image":"Beard_Oil_-_Antarctica.jpeg"
       }
    },
    {
       "model":"products.product",
       "pk":66,
       "fields":{
          "category":8,
          "sku":"143",
          "name":"SAILOR'S Beard Oil - Forest",
          "description":"SAILOR'S\r\nBeard Oil - Forest\r\n\r\nA green and woody scent with a base of Vetiver, Cedar and Pine. For the man who strives towards natural simplicity. Pour a small amount into your hands, rub them toghether and apply to your beard. Preferably applied with a brush.\r\n\r\n100 % Organic\r\nFree from Parabens and other Preservatives\r\nMade in Sweden\r\nHighest Quality Oils\r\nCold pressed and Unrefined\r\nSize: 30 ml",
          "price":"14.00",
          "volym":"30 ML",
          "rating":"5.00",
          "image_url":null,
          "image":"Beard_Oil_-_Forest.jpeg"
       }
    },
    {
       "model":"products.product",
       "pk":67,
       "fields":{
          "category":8,
          "sku":"144",
          "name":"SAILOR'S Beard Oil Desert",
          "description":"SAILOR'S\r\nBeard Oil Desert\r\n\r\nSailor's best-selling beard oil softens the beard and creates a healthy and fresh glow. The oil is also found in the fragrances Antarctica, Forest and Jungle, where all have a theme of adventure! Could it be better than starting each day in the spirit of adventure?\r\n\r\nA beard oil is a must in every facial hair man's bathroom cabinet!\r\n\r\nNomad lifestyle (Desert):\r\n\r\nA warm and embracing scent of spicy saffron, exotic dates and masculine leather.\r\n\r\nThe scent is noticeable, but not too strong and concentrated as it should not collide with other scents or be overwhelming (after all, you have the oil just under your nose throughout the day).\r\n\r\nSPECIFICATIONS:\r\n\r\n30 ml",
          "price":"14.00",
          "volym":"30 ML",
          "rating":"5.00",
          "image_url":null,
          "image":"Beard_Oil_Desert.jpeg"
       }
    },
    {
       "model":"products.product",
       "pk":68,
       "fields":{
          "category":8,
          "sku":"145",
          "name":"BENJAMIN BARBER Beard Shampoo Black Oak 150 ml",
          "description":"BENJAMIN BARBER\r\nBeard Shampoo Black Oak 150 ml\r\n\r\nA popular beard shampoo from Benjamin Barber that cleans both beard and skin. The result is a soft beard with a well-groomed appearance and a masculine scent of Black Oak. Contains shea butter for a softening and moisturizing effect.\r\n\r\nVolume: 150 ml",
          "price":"22.00",
          "volym":"150 ML",
          "rating":"5.00",
          "image_url":null,
          "image":"63954_3.jpg"
       }
    },
    {
       "model":"products.product",
       "pk":69,
       "fields":{
          "category":8,
          "sku":"146",
          "name":"BENJAMIN BARBER Beard Conditioner Black Oak 150 ml",
          "description":"BENJAMIN BARBER\r\nBeard Conditioner Black Oak 150 ml\r\n\r\nThis popular beard conditioner from Benjamin Barber makes your beard soft and managable, and gives it a healthy shine. Leaves a masculine scent of Black Oak.\r\n\r\nPerfect to use after Benjamin Barber Beard Shampoo\r\n\r\nVolume: 150 ml",
          "price":"22.00",
          "volym":"150 ML",
          "rating":"5.00",
          "image_url":null,
          "image":"Beard_Conditioner_Black_Oak_150_ml.jpg"
       }
    },
    {
       "model":"products.product",
       "pk":70,
       "fields":{
          "category":2,
          "sku":"601",
          "name":"TRUEFITT & HILL Thickening Shampoo",
          "description":"TRUEFITT & HILL\r\nThickening Shampoo\r\n\r\nTruefitt & Hill Thickening Shampoo has a formula containing milk protein that strengthens the hair while giving fullness and texture. With regular use, the hair will become stronger and easier to handle.\r\n\r\nPerfect for the man who is starting to get thin hair at the top.\r\n\r\nLight aroma of citrus and melon\r\n\r\n\r\nVolume: 365 ml",
          "price":"25.00",
          "volym":"365 ML",
          "rating":null,
          "image_url":null,
          "image":"Thickening_Shampoo.jpg"
       }
    },
    {
       "model":"products.product",
       "pk":71,
       "fields":{
          "category":2,
          "sku":"602",
          "name":"TRUEFITT & HILL Shampoo - Coconut",
          "description":"TRUEFITT & HILL\r\nShampoo - Coconut\r\n\r\n\r\nA mild shampoo without Sodium Lauryl Sulfate (SLS) and Sodium Laureth Sulfate (SLES). The shampoo is specially developed for a sensitive scalp and protects the hair follicles at the same time as it nourishes the hair and gives it a wonderful shine.\r\n\r\nCan be used every day. Finish with Replenishing Conditioner for best results.\r\n\r\nVolume: 365 ml",
          "price":"25.00",
          "volym":"365 mL",
          "rating":null,
          "image_url":null,
          "image":"Shampoo_-_Coconut.jpg"
       }
    },
    {
       "model":"products.product",
       "pk":72,
       "fields":{
          "category":2,
          "sku":"603",
          "name":"TRUEFITT & HILL Shampoo - Coconut",
          "description":"TRUEFITT & HILL\r\nShampoo - Coconut\r\n\r\nA mild shampoo without Sodium Lauryl Sulfate (SLS) and Sodium Laureth Sulfate (SLES). The shampoo is specially developed for a sensitive scalp and protects the hair follicles at the same time as it nourishes the hair and gives it a wonderful shine.\r\n\r\nCan be used every day. Finish with Replenishing Conditioner for best results.\r\n\r\nVolume: 365 ml",
          "price":"25.00",
          "volym":"365 ML",
          "rating":"4.50",
          "image_url":null,
          "image":"Shampoo_-_Coconut_VNvBwM0.jpg"
       }
    },
    {
       "model":"products.product",
       "pk":73,
       "fields":{
          "category":3,
          "sku":"603",
          "name":"TRUEFITT & HILL Replenishing Conditioner",
          "description":"TRUEFITT & HILL\r\nReplenishing Conditioner\r\n\r\nYour hair has to endure a lot during the day: sun, wind, pollution, exercise and showers. Truefitt & Hill Replenishing Conditioner makes your hair soft and easy to straighten. The hair gets a shiny and healthy look. With a light and invigorating scent of lavender and lime.\r\n\r\nSuitable for all hair types.\r\n\r\nUse: 2-3 times a week, perfect with Thickening Shampoo.\r\n\r\nVolume: 365 ml",
          "price":"25.00",
          "volym":"365 ML",
          "rating":"2.00",
          "image_url":null,
          "image":"Replenishing_Conditioner.jpg"
       }
    },
    {
       "model":"products.product",
       "pk":74,
       "fields":{
          "category":1,
          "sku":"604",
          "name":"TRUEFITT & HILL Freshman Friction",
          "description":"TRUEFITT & HILL\r\nFreshman Friction\r\n\r\nA wonderfully fragrant hair water that has a refreshing effect and stimulates the scalp. Fragrant with Truefitt & Hill's popular classic Freshman, which is also available in Cologne and After Shave. A wonderful lotion that strengthens both scalp and hair and gives that real gentleman feeling.\r\n\r\nHair water is an old classic that is on its way back into focus! Dry hair gets a new shine and it also becomes easier to comb out if your hair has a tendency to become dull. Tonic also cares for your scalp and protects it from drying out.\r\n\r\nUse: Massage into slightly damp hair. Style your hair as usual.\r\n\r\nVolume: 200 ml",
          "price":"30.00",
          "volym":"200 ML",
          "rating":"3.00",
          "image_url":null,
          "image":"Freshman_Friction.jpg"
       }
    },
    {
       "model":"products.product",
       "pk":75,
       "fields":{
          "category":1,
          "sku":"605",
          "name":"TRUEFITT & HILL Limnol",
          "description":"TRUEFITT & HILL\r\nLimnol\r\n\r\nLimnol is a hair lotion that provides medium to hard stability and is suitable for all hair types. Enriched with castor oil that nourishes the hair and keeps the scalp fresh. With a fresh scent of lime.\r\n\r\nHair water is an old classic that is on its way back into focus! Dry hair gets a new shine and it also becomes easier to comb out if your hair has a tendency to become dull. Tonic also cares for your scalp and protects it from drying out.\r\n\r\nUse: Apply a few drops in dry hair for extra firmness or in damp hair before styling. Distribute and style as you wish.\r\n\r\nVolume: 200 ml",
          "price":"30.00",
          "volym":"200 ML",
          "rating":"5.00",
          "image_url":null,
          "image":"Limnol.jpg"
       }
    },
    {
       "model":"products.product",
       "pk":76,
       "fields":{
          "category":1,
          "sku":"606",
          "name":"TRUEFITT & HILL Tonic Lotion Special",
          "description":"TRUEFITT & HILL\r\nTonic Lotion Special\r\n\r\nA classic hair tonic for normal to dry hair that provides excellent control and makes the hair easier to handle. Beneficial for the scalp and has a softening effect. With a slightly fresh scent of lavender, cloves and citrus.\r\n\r\nHair water is an old classic that is on its way back into focus! Dry hair gets a new shine and it also becomes easier to comb out if your hair has a tendency to become dull. Tonic also cares for your scalp and protects it from drying out.\r\n\r\nUse: Apply while the hair is still moist for better distribution and effect.\r\n\r\nVolume: 200 ml",
          "price":"30.00",
          "volym":"200 ML",
          "rating":"3.00",
          "image_url":null,
          "image":"Tonic_Lotion_Special.jpg"
       }
    },
    {
       "model":"products.product",
       "pk":77,
       "fields":{
          "category":1,
          "sku":"607",
          "name":"TRUEFITT & HILL Hair Management Mellifore Fibre 100 ml",
          "description":"TRUEFITT & HILL\r\nHair Management Mellifore Fibre 100 ml\r\n\r\nMellifore Fibre is perfect for the man who wants to tame thick and wavy hair and get a natural, light to medium hold. It is designed to maintain the hair's own moisture levels, and its easy to apply. \r\n\r\nThe scent is opened by the topnotes green flowers, fresh summer roses and a bed of lilies with basenotes of citrus, vanilla and floral musk. \r\n\r\nUse: Work a small amount between the palms of your hand and distribute evenly to dry or damp hair. \r\n\r\nVolume: 100 ml",
          "price":"29.00",
          "volym":"100  ML",
          "rating":"4.50",
          "image_url":null,
          "image":"Hair_Management_Mellifore_Fibre_100_ml.jpg"
       }
    },
    {
       "model":"products.product",
       "pk":78,
       "fields":{
          "category":1,
          "sku":"608",
          "name":"TRUEFITT & HILL Hair Management Circassian Cream 100 ml",
          "description":"TRUEFITT & HILL\r\nHair Management Circassian Cream 100 ml\r\n\r\nCircassian Cream is the perfect choice for you who wants to achieve a discreet and classic hair styling. This cream provides a medium firmness and a natural finish and can keep many different desired hairstyles in place throughout the day.\r\n\r\nThis styling cream opens with a fruity and floral blend of bergamot, mandarin and green tones to then transition to a blend of notes of rose, jasmine, vanilla and sandalwood.\r\n\r\nUse: Apply evenly in dry or damp hair, use your fingertips to style the desired hairstyle.\r\n\r\nVolume: 100 ml",
          "price":"29.00",
          "volym":"100  ML",
          "rating":"3.00",
          "image_url":null,
          "image":"Hair_Management_Circassian_Cream_100_ml.jpg"
       }
    },
    {
       "model":"products.product",
       "pk":79,
       "fields":{
          "category":1,
          "sku":"609",
          "name":"TRUEFITT & HILL Hair Management Brilliantine Pomade 100 ml",
          "description":"TRUEFITT & HILL\r\nHair Management Brilliantine Pomade 100 ml\r\n\r\nThis pomade from Truefitt & Hill gives a hard firmness and a shiny and polished finish for medium to long hairstyles.\r\n\r\nThe scent opens up with notes of sea salt, citrus and spicy pepper with undertones of woody elements such as cedar and musk.\r\n\r\nUse: Take a small amount with your fingertips and work it into dry or damp hair.\r\n\r\nVolume: 100 ml",
          "price":"29.00",
          "volym":"100  ML",
          "rating":"4.00",
          "image_url":null,
          "image":"Hair_Management_Brilliantine_Pomade_100_ml.jpg"
       }
    },
    {
       "model":"products.product",
       "pk":80,
       "fields":{
          "category":1,
          "sku":"610",
          "name":"TRUEFITT & HILL Hair Management Euchrisma Clay 100 ml",
          "description":"TRUEFITT & HILL\r\nHair Management Euchrisma Clay 100 ml\r\n\r\nEuchrisma Clay is specially designed to style short hair. It helps to repair the hair's natural shine and luster. It gives a natural style and matte finish to the hair that lasts all day. It gives you a fresh feeling with aromas of bergamot, citrus, grapefruit and freshly crushed peppercorns mixed with notes of lavender, vanilla and violet.\r\n\r\nUse: Work a small amount of wax into the palms and distribute evenly in dry or damp hair.\r\n\r\nVolume: 100",
          "price":"29.00",
          "volym":"100 ML",
          "rating":"4.00",
          "image_url":null,
          "image":"Hair_Management_Euchrisma_Clay_100_ml.jpg"
       }
    },
    {
       "model":"products.product",
       "pk":81,
       "fields":{
          "category":7,
          "sku":"611",
          "name":"BENJAMIN BARBER Moustache Oil Saffron & Leather 10 ml",
          "description":"BENJAMIN BARBER\r\nMoustache Oil Saffron & Leather 10 ml\r\n\r\nA nouriching moustache oil from Benjamin Barber with the wonderful scent of saffron, leather, sandalwood and vetiver. Contains 100 % organic argan oil. \r\n\r\nVolume: 10 ml",
          "price":"15.00",
          "volym":"10 ML",
          "rating":"3.00",
          "image_url":null,
          "image":"Moustache_Oil_Saffron__Leather_10_ml.jpg"
       }
    },
    {
       "model":"products.product",
       "pk":82,
       "fields":{
          "category":7,
          "sku":"612",
          "name":"BENJAMIN BARBER Moustache Wax Strong Hold 50 ml",
          "description":"BENJAMIN BARBER\r\nMoustache Wax Strong Hold 50 ml\r\n\r\nA hard mustache wax that is suitable for you who want to be able to shape and style your mustache, without having to be afraid that the design will not last during the day. If you are instead looking for a wax to only collect your beard or mustache, a slightly softer wax is recommended, such as Benjamin Barber beard wax.\r\n\r\nThis wax is really hard and can thus be difficult to get out of its jar. We therefore recommend that you store the wax in your pocket to warm it up before application. If you want a faster solution, you can also heat the wax for a few seconds with the help of a hair dryer.\r\n\r\nSPECIFICATIONS:\r\n\r\nThe wax has a base of white beeswax where almond oil and the popular scent Black Oak are added.\r\n\r\nVolume: 25 ml\r\n\r\nA hard mustache wax that is suitable for you who want to be able to shape and style your mustache, without having to be afraid that the design will not last during the day. If you are instead looking for a wax to only collect your beard or mustache, a slightly softer wax is recommended, such as Benjamin Barber beard wax.\r\n\r\nThis wax is really hard and can thus be difficult to get out of its jar. We therefore recommend that you store the wax in your pocket to warm it up before application. If you want a faster solution, you can also heat the wax for a few seconds with the help of a hair dryer.\r\n\r\nSPECIFICATIONS:\r\n\r\nThe wax has a base of white beeswax where almond oil and the popular scent Black Oak are added.\r\n\r\nVolume: 25 ml",
          "price":"10.00",
          "volym":"50 ML",
          "rating":"3.00",
          "image_url":null,
          "image":"Moustache_Wax_Strong_Hold_50_ml.jpg"
       }
    },
    {
       "model":"products.product",
       "pk":83,
       "fields":{
          "category":7,
          "sku":"613",
          "name":"BENJAMIN BARBER Moustache Comb in Acetate",
          "description":"BENJAMIN BARBER\r\nMoustache Comb in Acetate\r\n\r\nA moustache and beard comb from Benjamin Barber, made of cellulose acetate - a material that is strong and flexible, not easy to break.  \r\n\r\nThe comb has smooth rounded teeth to prevent your scalp from being scratched.\r\n\r\n12x3,5 cm (lenght including handle)",
          "price":"10.00",
          "volym":"3,5 CM",
          "rating":"4.00",
          "image_url":null,
          "image":"Moustache_Comb_in_Acetate.jpeg"
       }
    },
    {
       "model":"products.product",
       "pk":84,
       "fields":{
          "category":7,
          "sku":"614",
          "name":"BENJAMIN BARBER Hand Finished Moustache Comb",
          "description":"BENJAMIN BARBER\r\nHand Finished Moustache Comb\r\n\r\nElegant handfinished moustache comb from Benjamin Barber with a good grip. Perfect size for the toilet bag or to store in your wallet. \r\n\r\nTotal length: 7,3 cm",
          "price":"15.00",
          "volym":"7,3 CM",
          "rating":"5.00",
          "image_url":null,
          "image":"Hand_Finished_Moustache_Comb.jpg"
       }
    },
    {
       "model":"products.product",
       "pk":85,
       "fields":{
          "category":7,
          "sku":"615",
          "name":"PRORASO Moustache Wax Wood & Spice",
          "description":"PRORASO\r\nMoustache Wax Wood & Spice\r\n\r\nA soft wax with shea butter and beeswax for all you moustache lovers. Perfect for forming you moustache to the style of your choice. Easy to wash of.\r\n\r\nThe fragrance is a harmonic and pleasant mix of cedar and Mediterranean citrus that provides a pleasant and fresh feeling.\r\n\r\nNo silicones\r\nFree of Parabens\r\nDermatologically tested\r\n\r\nVolume: 15 ml",
          "price":"9.00",
          "volym":"15 ML",
          "rating":"3.00",
          "image_url":null,
          "image":"Moustache_Wax_Wood__Spice.jpg"
       }
    },
    {
       "model":"products.product",
       "pk":86,
       "fields":{
          "category":7,
          "sku":"616",
          "name":"DR K SOAP COMPANY Dr K Moustache Wax",
          "description":"DR K SOAP COMPANY\r\nDr K Moustache Wax\r\n\r\nThe Dr K Moustache Wax are formulated with all natural ingredients. This nourishing Moustache Wax contains beeswax for moustache shaping and styling while Vitamin E revitalize the moustache and skin underneath. Thanks to the addition of invigorating Peppermint oil you also get a great scent.\r\n\r\nDirections: Melt a small amount in your palm. Apply to moustache and skin underneath. Style beard as desired.\r\n\r\nWeight: 15 g",
          "price":"10.00",
          "volym":"15 G",
          "rating":"3.00",
          "image_url":null,
          "image":"Dr_K_Moustache_Wax.jpg"
       }
    },
    {
       "model":"products.product",
       "pk":87,
       "fields":{
          "category":2,
          "sku":"700",
          "name":"POWER Shampoo Triple Action",
          "description":"POWER\r\nShampoo Triple Action\r\n\r\n\r\nAnti-hairloss\r\nAnti-dandruff\r\nAnti-itching\r\nWith a revitalizing eucalyptus scent.\r\n\r\nHow to use:\r\n\r\nApply the shampoo and massage the scalp and the roots of your hair\r\nRinse off\r\nCan be used daily\r\nMassage the scalp regularly for healthy hair and increased hair growth. It enhances blood circulation to the hair cells, promoting the growth of new hairs.⁠ Power Scalp Stimulating Electric Wet Brush is an easy tool for scalp massage that can be used in shower together with the shampoo.\r\n\r\nVolume:  300 ml",
          "price":"19.00",
          "volym":"300 ML",
          "rating":"4.00",
          "image_url":null,
          "image":"Shampoo_Triple_Action.jpeg"
       }
    },
    {
       "model":"products.product",
       "pk":88,
       "fields":{
          "category":8,
          "sku":"701",
          "name":"POWER Beard Shampoo Triple Action",
          "description":"POWER\r\nBeard Shampoo Triple Action\r\n\r\n\r\nAnti-hairloss\r\nAnti-dandruff\r\nAnti-itching\r\n\r\nWith a revitalizing eucalyptus scent.\r\n\r\nVolume: 150 ml",
          "price":"15.00",
          "volym":"150 ML",
          "rating":"3.00",
          "image_url":null,
          "image":"Beard_Shampoo_Triple_Action.jpeg"
       }
    },
    {
       "model":"products.product",
       "pk":89,
       "fields":{
          "category":2,
          "sku":"5",
          "name":"BENJAMIN BARBER Daily Moisturizing Shampoo Saffron & Leather",
          "description":"BENJAMIN BARBER\r\nDaily Moisturizing Shampoo Saffron & Leather\r\n\r\nDeep cleansing and moisturizing shampoo from Benjamin Barber with a warm scent of saffron, leather and sandalwood. The elegant design is made to fit perfectly into any bathroom.\r\n\r\nFor all types of hair. Can be used daily. Gently massage the shampoo into your scalp and hair in a circular motion. Rinse thoroughly. Repeat for a clean and healthy hair.\r\n\r\nSPECIFIKATIONS: \r\n\r\n300 ml",
          "price":"25.00",
          "volym":"300 ML",
          "rating":"3.00",
          "image_url":null,
          "image":"Daily_Moisturizing_Shampoo_Saffron__Leather.jpeg"
       }
    },
    {
       "model":"products.product",
       "pk":90,
       "fields":{
          "category":3,
          "sku":"900",
          "name":"Uppercut Deluxe Everyday Conditioner",
          "description":"Uppercut Deluxe Everyday Conditioner is a lightweight conditioner that moisturizes and stimulates hair and scalp. Can be used daily and suits all hair types.\r\n\r\nUse\r\nMassage into damp hair after shampooing. Be sure to access the scalp properly. Let it work for a minute before rinsing with lukewarm water.\r\n\r\nOther information\r\nPlastic bottle with pump\r\n\r\nVolume\r\n240 ml",
          "price":"18.00",
          "volym":"240 ML",
          "rating":"4.00",
          "image_url":null,
          "image":"1361424.jpg"
       }
    },
   {
      "model":"questions.question",
      "pk":2,
      "fields":{
         "author":1,
         "title":"This is escond question",
         "detail":"Please I need help",
         "created_at":"2022-01-19T21:06:27.691Z"
      }
   },
   {
      "model":"questions.question",
      "pk":3,
      "fields":{
         "author":1,
         "title":"WHat is the donkey?",
         "detail":"Please answer me.",
         "created_at":"2022-01-19T22:47:15.864Z"
      }
   }
 ]